{"cameraMode":{"drawMode":0,"name":"Shaded","section":"Shading Mode"},"sceneLighting":false,"audioPlay":false,"sceneViewState":{"m_AlwaysRefresh":false,"showFog":true,"showSkybox":false,"showFlares":true,"showImageEffects":true,"showParticleSystems":true,"showVisualEffectGraphs":true,"m_FxEnabled":true},"in2DMode":false,"pivot":{"x":-11.653301239013672,"y":0.07701189815998078,"z":-28.378211975097658},"rotation":{"x":-0.010740281082689762,"y":0.9663782119750977,"z":-0.04403636232018471,"w":-0.2550032138824463},"size":0.49750036001205447,"orthographic":false}